Workbook

Sheet Evaluation Form
A1: Smart Car Dashboard — Evaluation Form
A2: Purpose | B2: This form is used to evaluate the Android Smart Car Dashboard prototype. It focuses on usability, interface clarity, automotive suitability, and alert feedback.
A3: Instructions | B3: Please test the application on the Android emulator and answer the questions below. Use a 1–5 rating scale: 1 = Strongly Disagree, 5 = Strongly Agree.
A5: Participant Information
A6: Participant ID | B6: P___
A7: Date | B7: 2026-07-05
A8: Device/Emulator Used | B8: Android Studio Emulator
A10: Rating Questions | B10: Scale: 1 = Strongly Disagree, 5 = Strongly Agree
A11: Q1 | B11: The dashboard is easy to understand at a glance.
A12: Q2 | B12: The speed, RPM, and fuel values are readable on the screen.
A13: Q3 | B13: The speedometer gauge is clear and easy to read.
A14: Q4 | B14: The voice speed warning is noticeable and useful.
A15: Q5 | B15: The visual alert banner helps me notice speeding quickly.
A16: Q6 | B16: The weather card is useful and easy to understand.
A17: Q7 | B17: The color coding (green/yellow/red) helps me react quickly.
A18: Q8 | B18: The interface feels suitable for an automotive display.
... A20: Q10 | B20: Overall, I am satisfied with the prototype.
A22: Open Questions
A23: O1 | B23: What did you like most about the dashboard?
A24: O2 | B24: What was confusing or difficult to use?
A25: O3 | B25: What feature should be added in the future?

Sheet Responses
A1: Timestamp | B1: Participant ID | C1: Q1 Dashboard easy to understand | D1: Q2 Readability | E1: Q3 Speedometer clarity | F1: Q4 Voice warning useful | G1: Q5 Visual banner useful | H1: Q6 Weather card useful | I1: Q7 Colors helpful | J1: Q8 Automotive suitability | K1: Q9 App responsiveness | L1: Q10 Overall satisfaction | M1: O1 Liked most | N1: O2 Confusing/difficult | O1: O3 Future feature

Sheet Results Summary
A1: Smart Car Dashboard — Evaluation Summary
A2: Use this sheet after entering participant responses in the Responses sheet.
A4: Key Performance Indicators
A5: Number of Participants | B5: =COUNTA(Responses!B2:B21) -> 0
A6: Average Overall Rating | B6: =IFERROR(AVERAGE(Responses!C2:L21),"")
A7: Highest Rated Question | B7: =IFERROR(INDEX(A11:A20,MATCH(MAX(B11:B20),B11:B20,0)),"")
A8: Lowest Rated Question | B8: =IFERROR(INDEX(A11:A20,MATCH(MIN(B11:B20),B11:B20,0)),"")
A10: Question | B10: Average Rating | C10: Interpretation
A11: Q1 Dashboard easy to understand | B11: =IFERROR(AVERAGE(Responses!C2:C21),"") | C11: =IF(B11="","",IF(B11>=4,"Strong",IF(B11>=3,"Acceptable","Needs improvement")))
A12: Q2 Readability | B12: =IFERROR(AVERAGE(Responses!D2:D21),"") | C12: =IF(B12="","",IF(B12>=4,"Strong",IF(B12>=3,"Acceptable","Needs improvement")))
A13: Q3 Speedometer clarity | B13: =IFERROR(AVERAGE(Responses!E2:E21),"") | C13: =IF(B13="","",IF(B13>=4,"Strong",IF(B13>=3,"Acceptable","Needs improvement")))
A14: Q4 Voice warning useful | B14: =IFERROR(AVERAGE(Responses!F2:F21),"") | C14: =IF(B14="","",IF(B14>=4,"Strong",IF(B14>=3,"Acceptable","Needs improvement")))
A15: Q5 Visual banner useful | B15: =IFERROR(AVERAGE(Responses!G2:G21),"") | C15: =IF(B15="","",IF(B15>=4,"Strong",IF(B15>=3,"Acceptable","Needs improvement")))
A16: Q6 Weather card useful | B16: =IFERROR(AVERAGE(Responses!H2:H21),"") | C16: =IF(B16="","",IF(B16>=4,"Strong",IF(B16>=3,"Acceptable","Needs improvement")))
A17: Q7 Colors helpful | B17: =IFERROR(AVERAGE(Responses!I2:I21),"") | C17: =IF(B17="","",IF(B17>=4,"Strong",IF(B17>=3,"Acceptable","Needs improvement")))
A18: Q8 Automotive suitability | B18: =IFERROR(AVERAGE(Responses!J2:J21),"") | C18: =IF(B18="","",IF(B18>=4,"Strong",IF(B18>=3,"Acceptable","Needs improvement")))
A19: Q9 App responsiveness | B19: =IFERROR(AVERAGE(Responses!K2:K21),"") | C19: =IF(B19="","",IF(B19>=4,"Strong",IF(B19>=3,"Acceptable","Needs improvement")))
A20: Q10 Overall satisfaction | B20: =IFERROR(AVERAGE(Responses!L2:L21),"") | C20: =IF(B20="","",IF(B20>=4,"Strong",IF(B20>=3,"Acceptable","Needs improvement")))
A23: Tip: After collecting Google Form responses, copy the results into the Responses sheet. The averages and interpretation fields update automatically.
